{
    "position": {
        "x": 3.1530001163482668,
        "y": -0.08900000154972077,
        "z": -0.7019999623298645
    },
    "rotation": {
        "x": 0.0,
        "y": 0.8597365021705627,
        "z": 0.0,
        "w": 0.510737955570221
    },
    "scale": {
        "x": 1.0,
        "y": 0.10000000149011612,
        "z": 1.0
    }
}